{
  "timestamp": "2025-07-31T20:35:21.992366",
  "data": {
    "current_price": 154903.84375,
    "moving_average": 172309.6159375,
    "breakout_ratio": -10.1,
    "is_breakout": false
  }
}